alcoholdrug,gdp,happiness,internet,lifeexpectancy,medianage,mentaldisorders,pollution,populationdensity
1.0,1628.0,3.78,4.0,60.9,14.4,16.88,65.25,43.22
2.2,9223.0,5.51,45.0,77.9,32.3,10.85,21.28,106.33
0.9,12588.0,5.6,12.5,73.8,25.1,13.94,33.64,15.05
1.4,7521.0,4.36,2.8,56.7,16.0,13.2,33.79,18.74
2.9,18980.0,6.47,45.0,75.7,28.9,12.6,16.86,15.02
2.7,8331.0,4.32,25.0,73.2,31.2,10.67,37.53,103.49
4.2,45400.0,7.2,76.0,82.1,36.1,17.58,10.62,2.86
4.2,40288.0,7.4,75.2,80.5,40.8,14.31,15.15,101.34
3.1,16154.0,4.91,46.0,69.5,27.2,9.88,23.05,111.77
0.9,34058.0,5.03,55.0,78.7,29.0,14.12,65.63,1546.06
1.5,2599.0,4.72,3.7,68.6,22.2,11.84,70.76,1139.98
3.7,17172.0,5.75,31.8,71.1,38.1,11.89,23.32,47.94
3.6,37739.0,6.94,75.0,80.0,40.0,13.67,16.01,359.25
0.9,1855.0,3.19,3.1,58.4,16.8,11.65,32.39,83.77
1.9,5142.0,6.02,22.4,66.2,21.2,14.52,29.57,9.44
2.4,8982.0,4.77,42.8,77.1,37.5,10.92,32.3,74.44
2.6,12545.0,4.84,6.0,60.0,21.1,11.34,25.72,3.69
4.2,14216.0,6.66,40.7,73.2,28.2,16.86,15.96,23.49
2.6,14686.0,4.22,46.2,73.8,41.0,10.56,22.76,69.94
0.8,1326.0,3.96,2.4,56.5,16.0,11.61,37.49,58.91
1.7,718.0,3.71,1.0,57.1,16.5,12.88,38.38,355.4
1.2,2427.0,3.9,1.3,67.7,22.1,12.43,31.34,81.37
1.0,2420.0,4.24,4.3,56.6,16.8,11.67,59.29,42.05
4.4,41209.0,7.42,80.3,81.3,38.7,13.38,8.38,3.79
1.5,910.0,3.68,2.0,49.3,15.7,14.22,51.53,7.48
0.8,1720.0,4.03,1.7,49.6,14.6,12.59,56.59,9.45
4.0,18910.0,6.6,45.0,78.5,31.6,14.14,25.89,22.87
1.8,9658.0,5.09,34.3,75.6,34.1,10.72,69.48,143.6
3.0,11192.0,6.37,36.5,75.0,26.4,10.83,21.5,40.39
1.6,1433.0,3.96,5.1,61.1,17.5,11.69,20.67,352.52
1.6,5738.0,3.92,5.0,61.7,18.7,12.97,42.01,13.0
2.5,12032.0,7.27,36.5,78.7,28.1,12.15,19.27,90.53
0.9,2555.0,3.74,2.7,55.0,16.7,10.95,21.62,66.42
3.1,19511.0,6.03,56.5,76.8,40.8,10.86,21.33,78.07
2.4,27630.0,6.18,53.0,79.7,32.9,14.35,20.08,122.26
3.6,25922.0,6.33,68.8,77.6,38.7,10.42,20.68,135.56
1.3,637.0,4.64,0.7,56.4,15.7,13.79,41.4,29.29
4.2,42932.0,7.52,88.7,79.2,39.6,12.71,11.93,138.77
1.8,2544.0,4.37,6.5,60.3,20.8,11.64,38.24,39.66
2.0,11276.0,4.75,31.4,72.1,23.9,14.44,16.87,202.35
1.8,9327.0,5.96,29.0,75.4,23.8,13.8,19.98,60.35
0.7,10719.0,4.2,21.6,69.7,22.4,13.88,77.45,87.65
4.1,7351.0,5.93,15.9,71.8,22.7,12.62,30.46,295.08
3.6,20713.0,5.36,74.1,75.7,39.3,11.51,8.52,31.15
3.0,7193.0,4.87,11.0,46.6,18.4,11.51,18.13,63.95
2.9,1106.0,4.56,0.8,59.7,16.1,12.64,35.63,79.07
3.6,37615.0,7.42,86.9,80.0,41.0,13.91,7.19,17.65
3.5,36087.0,6.65,77.3,81.4,39.1,15.32,14.85,114.04
1.6,14927.0,3.97,13.0,63.9,20.1,12.86,40.28,6.64
0.8,1773.0,4.12,9.2,60.7,15.9,12.65,30.2,191.43
2.7,8443.0,4.25,26.9,72.1,34.6,10.5,26.1,55.21
3.3,41110.0,6.7,82.0,80.1,43.2,13.79,15.19,232.76
1.0,2946.0,5.06,7.8,61.2,19.2,11.26,27.37,112.4
2.5,26517.0,5.1,44.4,80.5,40.5,15.94,19.06,85.6
4.0,6526.0,5.86,10.5,70.9,18.7,12.92,29.98,135.71
0.7,1292.0,3.65,1.0,56.7,16.3,11.75,21.97,41.8
2.2,1557.0,4.41,8.4,46.0,20.4,14.71,17.8,357.14
2.9,4306.0,4.6,11.1,71.1,19.6,12.2,26.88,75.53
3.2,20036.0,4.68,65.0,74.5,38.9,10.61,19.14,109.43
3.2,36273.0,7.59,93.4,81.7,33.9,13.23,7.86,3.16
1.8,4526.0,4.72,7.5,66.9,24.0,13.64,95.76,417.27
0.9,8386.0,5.37,10.9,68.7,26.7,10.36,18.17,129.97
1.1,17751.0,4.61,15.9,73.1,26.4,18.34,38.65,46.46
0.8,10274.0,4.66,2.5,67.1,18.0,13.88,68.71,72.02
4.9,48624.0,6.96,69.8,80.5,33.3,16.12,9.98,65.68
1.8,28576.0,7.11,67.5,81.7,28.4,13.74,24.02,338.65
2.9,34766.0,5.84,53.7,82.1,42.5,13.74,19.03,202.3
2.2,7026.0,5.71,27.7,72.6,25.4,13.2,16.09,252.44
1.4,35011.0,5.97,78.2,82.9,44.2,9.86,14.14,351.46
0.8,11601.0,5.13,27.2,74.0,20.4,14.23,33.55,78.06
4.8,19965.0,5.76,31.6,68.1,28.0,10.03,15.91,6.16
1.0,2580.0,4.55,7.2,60.6,17.0,12.19,28.15,72.95
0.9,68865.0,6.22,61.4,78.0,28.6,12.82,62.74,165.17
3.9,3978.0,5.21,16.3,68.3,22.6,10.86,27.27,28.59
1.3,4114.0,4.88,7.0,64.0,20.2,11.82,31.73,27.4
3.5,17140.0,5.13,68.4,73.0,40.3,11.77,17.12,33.77
1.1,15622.0,4.57,43.7,78.2,27.1,16.34,30.89,488.35
2.8,2314.0,4.9,3.9,45.6,20.0,12.79,32.24,66.63
0.9,854.0,4.57,2.3,59.4,17.3,12.7,15.25,41.74
1.2,29157.0,5.75,14.0,72.4,24.3,14.2,50.15,3.69
2.9,18664.0,5.77,62.1,73.4,40.0,12.62,14.97,50.13
3.8,54086.0,6.96,90.6,80.6,38.0,13.57,12.96,196.96
1.6,1350.0,3.55,1.7,62.9,17.0,12.69,22.66,37.35
1.8,1092.0,4.28,2.3,56.4,15.6,12.14,25.7,156.11
1.1,18574.0,5.91,56.3,74.4,25.1,11.42,18.59,87.41
0.7,1505.0,4.31,2.0,56.4,15.3,10.27,36.4,12.73
2.9,23633.0,5.96,63.0,81.8,39.2,14.19,16.45,1308.62
0.8,2983.0,4.67,4.0,63.1,17.0,10.21,39.64,3.32
1.9,16269.0,5.48,28.3,74.0,31.6,11.81,15.19,632.19
2.0,14697.0,7.32,31.0,74.2,24.9,11.6,26.37,57.89
2.7,4615.0,6.0,32.3,69.4,33.2,12.24,19.12,111.85
4.7,7830.0,4.89,10.2,67.2,24.4,10.72,43.3,1.74
2.6,14510.0,5.22,37.5,76.1,35.2,10.91,25.06,46.92
0.9,6932.0,4.97,52.0,70.8,24.9,15.23,29.65,72.74
1.9,957.0,4.97,4.2,54.2,16.0,13.21,23.56,29.34
1.3,3773.0,4.44,0.3,63.3,25.7,10.94,44.06,75.68
2.9,7906.0,4.57,11.6,56.0,19.3,10.65,27.66,2.55
1.6,2152.0,4.23,7.9,66.8,20.2,13.85,100.78,189.48
2.6,43812.0,7.47,90.7,80.8,39.8,14.67,15.23,493.53
4.0,31586.0,7.25,80.5,81.1,35.9,17.06,7.15,16.51
3.2,3917.0,5.45,10.0,72.0,20.9,12.58,22.49,48.66
0.8,810.0,3.8,0.8,58.4,14.4,11.39,69.15,13.14
0.8,4905.0,5.49,11.5,50.9,16.7,11.18,52.61,176.72
2.3,11038.0,4.64,51.9,75.1,34.5,10.67,34.46,83.02
2.6,78476.0,7.68,93.4,81.0,37.7,14.7,8.34,13.42
0.8,46182.0,6.85,35.8,76.3,24.4,13.19,37.52,9.31
1.9,4354.0,5.13,8.0,64.4,18.8,12.32,68.01,252.25
2.3,15169.0,6.86,40.1,76.4,25.9,11.42,14.14,48.85
3.3,7139.0,5.82,19.8,71.9,22.0,14.85,15.1,14.52
1.9,9508.0,5.82,34.8,73.7,25.0,13.11,31.5,22.84
1.3,5694.0,5.0,25.0,70.8,21.8,11.69,23.59,317.39
3.9,20609.0,5.88,62.3,76.3,36.9,9.73,27.18,126.08
4.1,25463.0,4.99,53.3,80.0,40.5,17.2,10.08,115.59
0.9,134803.0,6.61,69.0,78.4,30.0,12.75,84.12,149.13
2.5,16377.0,5.17,39.9,74.0,38.3,10.41,17.06,88.38
4.6,21737.0,5.62,49.0,69.4,36.9,10.53,19.48,8.75
3.5,1416.0,3.33,8.0,62.5,17.6,12.89,41.44,417.88
0.8,42738.0,6.4,41.0,75.8,25.3,12.99,81.7,13.68
0.8,2151.0,3.67,8.0,64.6,17.1,10.72,34.99,65.08
2.5,11964.0,5.15,40.9,74.4,40.8,10.71,29.1,87.51
0.8,1421.0,4.51,0.6,53.7,17.1,12.28,18.53,89.18
3.0,21941.0,5.91,75.7,75.5,36.2,10.56,21.69,112.24
3.4,26001.0,6.06,70.0,79.7,40.3,10.88,18.68,102.17
3.3,11319.0,5.13,24.0,58.9,23.6,11.42,27.14,42.69
3.3,31786.0,6.29,65.8,82.0,39.1,16.74,11.35,93.23
1.5,8320.0,4.22,3.9,73.2,29.2,10.97,31.03,334.12
3.5,42635.0,7.56,90.0,81.5,39.7,14.1,7.21,23.03
4.2,57220.0,7.78,83.9,82.3,40.5,15.6,12.92,197.96
0.8,6521.0,3.16,20.7,73.9,20.8,14.86,42.66,121.64
3.0,2976.0,4.5,11.6,67.7,19.8,10.63,50.41,54.92
1.8,2069.0,4.01,2.9,60.1,16.4,12.36,28.61,50.93
2.0,13344.0,6.3,22.4,76.1,34.5,11.72,31.57,133.63
0.8,1191.0,2.94,3.0,57.3,17.9,12.19,30.52,120.83
2.4,30236.0,6.17,48.5,72.7,30.3,13.68,28.7,274.91
0.8,10722.0,4.46,36.8,75.4,27.8,15.16,35.55,70.13
0.8,16528.0,5.31,39.8,75.1,27.1,13.99,43.82,95.1
3.6,14397.0,5.46,3.0,68.3,23.1,10.08,24.85,11.21
1.3,1831.0,4.31,4.3,57.1,14.0,14.8,44.76,161.29
3.3,9601.0,5.03,23.3,70.6,38.3,11.65,23.52,78.85
1.4,60112.0,7.22,68.0,78.3,26.3,11.72,38.98,119.43
5.2,34754.0,6.88,85.0,80.4,38.5,13.61,12.3,259.41
5.5,49267.0,7.03,71.7,78.8,36.1,15.85,9.36,34.02
3.1,16416.0,6.45,46.4,76.9,33.0,12.96,11.03,19.16
2.6,7003.0,6.02,15.9,69.2,23.5,10.27,32.08,64.94
2.1,17106.0,7.07,37.4,72.9,24.8,12.88,21.68,32.55
1.8,4572.0,5.53,30.6,73.5,27.7,9.14,39.37,278.89
0.7,4812.0,4.06,12.4,67.3,16.5,15.3,45.98,46.87
1.9,3032.0,5.01,3.0,56.8,15.5,11.78,28.84,18.55
2.4,1402.0,4.96,6.4,50.7,17.1,10.71,23.23,33.19
1.0,1792.0,3.57,5.0,61.4,14.7,16.79,66.84,44.84
2.2,9484.0,4.55,47.0,78.1,32.8,10.84,22.77,105.86
0.9,13204.0,6.35,14.9,74.1,25.4,13.93,33.83,15.34
1.4,8016.0,3.94,4.7,57.6,16.0,13.18,33.1,19.46
2.9,20003.0,6.58,51.0,76.1,29.1,12.61,17.38,15.17
2.6,8465.0,4.28,32.0,73.3,31.4,10.66,38.61,102.88
4.2,46132.0,7.36,79.5,82.1,36.2,17.55,11.05,2.91
4.1,41446.0,7.5,78.7,80.8,41.2,14.32,15.57,101.69
3.1,16176.0,5.48,50.0,70.0,27.5,9.85,23.63,113.24
0.9,36372.0,6.69,77.0,78.9,29.1,14.09,63.73,1544.06
1.5,2772.0,4.66,4.5,68.8,22.6,11.78,70.21,1153.96
3.7,17918.0,5.88,39.6,71.5,38.3,11.85,22.91,47.82
3.6,38130.0,7.1,81.6,80.4,40.1,13.68,15.7,361.81
0.9,1836.0,3.48,4.1,58.5,16.9,11.65,32.58,86.26
1.9,5331.0,5.77,30.0,66.5,21.5,14.51,27.9,9.6
2.4,8961.0,5.12,43.9,77.0,37.9,10.89,34.19,73.11
2.6,13376.0,4.13,9.0,60.5,21.3,11.34,24.59,3.77
4.2,14831.0,7.14,45.7,73.3,28.6,16.73,15.91,23.71
2.6,15112.0,3.99,48.0,74.2,41.3,10.53,24.3,69.48
0.8,1344.0,3.33,3.0,57.1,15.9,11.63,37.28,60.68
1.7,719.0,2.9,1.1,57.8,16.3,12.86,38.24,368.21
1.2,2496.0,3.67,3.1,68.4,22.5,12.37,30.92,82.56
1.0,2494.0,4.27,5.0,57.1,16.8,11.66,58.08,43.26
4.4,42197.0,7.59,83.0,81.5,38.9,13.4,8.62,3.83
1.5,909.0,3.68,2.2,49.9,15.5,14.23,51.23,7.6
0.8,1661.0,3.51,1.9,50.0,14.6,12.57,55.2,9.78
4.0,19705.0,6.74,52.2,79.1,32.0,14.14,27.25,23.1
1.8,10221.0,5.24,38.3,75.9,34.5,10.69,70.54,144.55
3.0,11788.0,6.61,40.4,75.3,26.8,10.8,21.37,40.84
1.6,1479.0,3.96,5.5,61.5,17.7,11.7,21.02,360.07
1.6,5875.0,3.95,5.6,62.0,18.6,12.93,44.16,13.42
2.5,12366.0,7.16,39.2,79.3,28.5,12.16,19.7,91.66
0.9,2444.0,3.74,2.9,55.5,16.8,10.96,22.59,67.81
3.1,19813.0,5.89,57.8,77.2,41.1,10.85,21.97,77.77
2.4,27272.0,5.44,56.9,80.0,33.2,14.36,20.09,123.93
3.6,26725.0,6.7,70.5,77.8,38.9,10.41,20.08,135.97
1.3,681.0,4.5,1.2,57.1,15.7,13.77,41.49,30.28
4.2,43575.0,7.59,89.8,79.8,39.7,12.71,12.66,139.4
1.8,2590.0,4.37,7.0,60.4,21.1,11.63,40.44,40.41
2.0,11679.0,5.02,38.0,72.2,24.2,14.42,17.3,205.0
1.8,9985.0,6.02,31.4,75.7,24.1,13.81,19.32,61.35
0.7,10737.0,3.56,25.6,69.9,22.6,13.88,70.79,89.61
4.1,7607.0,6.33,18.9,71.9,22.9,12.61,33.63,296.2
3.6,21997.0,5.37,76.5,76.5,39.5,11.46,8.44,31.05
3.0,7389.0,4.87,18.1,48.2,18.7,11.51,17.97,64.27
2.9,1199.0,4.44,1.1,60.7,16.3,12.57,36.32,81.36
3.5,38432.0,7.44,88.7,80.4,41.2,13.88,7.28,17.73
3.5,36691.0,6.67,77.8,81.8,39.4,15.3,14.88,114.65
1.6,16403.0,3.8,18.0,64.0,20.3,12.86,41.13,6.88
0.8,1669.0,4.12,10.9,61.5,15.9,12.65,29.26,197.45
2.7,8946.0,4.35,31.5,72.4,35.0,10.48,26.78,55.0
3.3,43189.0,6.97,81.3,80.4,43.6,13.79,14.66,233.04
1.0,3283.0,4.97,9.0,61.7,19.3,11.25,28.21,115.17
2.5,24349.0,4.72,51.6,80.5,40.9,15.88,20.0,85.37
4.0,6650.0,5.98,12.3,71.2,19.0,12.88,31.73,138.42
0.7,1347.0,3.9,2.0,57.0,16.4,11.75,22.45,42.84
2.2,1648.0,4.62,9.0,61.6,20.6,14.72,18.76,361.19
2.9,4421.0,4.71,15.9,71.4,19.9,12.2,28.9,77.06
3.1,20886.0,4.91,68.0,74.9,39.4,10.6,19.36,109.06
3.2,36740.0,7.5,94.8,82.2,34.2,13.24,8.1,3.17
1.8,4768.0,4.43,10.1,67.4,24.3,13.64,97.6,422.99
0.9,8849.0,5.29,12.3,68.8,27.0,10.34,18.05,131.61
1.1,18024.0,5.14,19.0,73.7,27.0,18.36,38.05,47.05
0.8,11484.0,4.73,5.0,67.7,18.1,13.92,66.36,74.58
4.9,48980.0,6.76,74.9,80.6,33.7,16.13,10.29,65.97
1.8,29370.0,7.32,68.9,81.7,28.5,13.7,23.9,344.72
2.9,35151.0,6.01,54.4,82.2,42.8,13.78,19.99,202.98
2.2,7141.0,5.71,37.4,73.1,25.9,13.22,16.54,253.57
1.4,34979.0,5.96,79.1,82.7,44.5,9.83,14.14,351.19
0.8,11615.0,5.17,34.9,74.2,20.6,14.21,33.02,80.07
4.8,21302.0,5.84,50.6,68.7,28.1,10.01,15.24,6.25
1.0,2712.0,3.8,8.8,61.0,17.2,12.16,28.66,74.91
0.9,77126.0,6.48,65.8,78.5,29.3,12.85,62.83,176.42
3.8,4142.0,5.4,17.5,68.6,22.7,10.83,27.52,28.95
1.3,4401.0,4.88,9.0,64.7,20.6,11.78,29.67,27.8
3.5,18428.0,5.07,69.7,73.7,40.7,11.75,16.57,33.38
1.1,16230.0,4.98,52.0,78.4,27.5,16.31,30.07,493.16
2.8,2346.0,4.9,7.0,46.7,20.2,12.79,31.35,67.12
0.9,820.0,4.57,2.5,59.6,17.5,12.69,16.15,43.41
1.2,12893.0,5.75,14.0,70.1,24.5,14.23,44.63,3.52
2.9,20243.0,5.6,63.6,73.9,40.4,12.58,14.51,49.5
3.8,54031.0,7.13,90.0,80.8,38.0,13.57,12.69,201.29
1.6,1347.0,3.82,1.9,63.5,17.1,12.69,23.36,38.41
1.8,1102.0,4.04,3.3,57.5,15.5,12.13,25.17,160.65
1.1,19390.0,5.77,61.0,74.7,25.5,11.43,19.2,88.83
0.7,1500.0,3.68,2.2,56.8,15.2,10.28,35.14,13.15
2.9,23871.0,6.38,68.0,81.1,39.4,14.2,16.64,1323.68
0.8,3104.0,4.2,4.5,63.3,16.9,10.21,40.04,3.42
1.9,16483.0,5.65,35.0,74.2,32.1,11.75,15.2,633.62
2.0,15210.0,7.44,37.2,74.4,25.2,11.6,27.74,58.72
2.7,4892.0,5.76,38.0,69.2,33.6,12.21,19.92,109.33
4.7,9484.0,4.91,12.5,67.4,24.7,10.68,45.36,1.76
2.6,15747.0,5.07,35.6,76.1,35.5,10.9,26.63,46.97
0.9,7226.0,5.14,46.1,71.3,25.2,15.2,29.27,73.73
1.9,925.0,4.55,4.6,54.9,16.0,13.19,22.61,30.21
1.3,3884.0,4.18,1.0,63.9,26.0,10.87,43.62,76.29
2.9,8203.0,4.57,12.0,56.6,19.5,10.65,27.01,2.59
1.6,2189.0,4.6,9.0,67.3,20.4,13.8,100.77,190.21
2.6,44591.0,7.41,91.4,81.1,40.1,14.74,14.99,496.03
4.2,32057.0,7.28,81.2,80.9,36.1,17.07,7.42,16.64
3.2,4189.0,5.77,10.6,72.4,21.2,12.57,22.48,49.38
0.8,799.0,3.72,0.9,59.0,14.4,11.4,72.98,13.64
0.8,5136.0,4.82,13.8,51.4,16.7,11.06,50.97,181.67
2.3,11321.0,5.19,56.7,75.2,34.8,10.65,38.08,83.15
2.6,80623.0,7.44,93.5,81.2,37.8,14.7,8.85,13.6
0.8,44454.0,6.85,48.0,76.6,25.3,13.12,39.1,10.36
1.9,4464.0,5.14,8.0,64.6,19.0,12.33,68.54,257.63
2.3,16762.0,6.87,42.7,76.6,26.2,11.43,14.3,49.73
3.3,7377.0,5.94,24.8,72.1,22.4,14.87,14.6,14.71
1.9,10044.0,5.78,36.0,74.1,25.4,13.11,31.57,23.03
1.3,5851.0,4.98,29.0,70.8,22.1,11.67,22.75,323.1
4.0,21837.0,5.75,62.0,76.7,37.2,9.72,26.37,126.16
4.0,25133.0,5.16,55.2,80.5,41.0,17.13,10.36,115.33
0.9,155533.0,6.61,69.0,78.9,30.2,12.73,81.27,157.02
2.5,17174.0,5.08,40.0,74.4,38.7,10.41,17.64,87.88
4.5,23130.0,5.54,58.0,70.4,37.1,10.52,19.19,8.75
3.5,1449.0,3.47,7.0,63.3,17.7,12.84,42.68,428.74
0.8,48470.0,6.5,47.5,76.2,25.9,13.0,82.42,14.03
0.8,2123.0,3.65,9.8,65.3,17.1,10.73,35.94,66.88
2.5,12463.0,5.1,42.2,74.8,41.0,10.7,31.03,87.14
0.8,1479.0,4.51,0.9,54.6,17.2,12.26,18.74,91.61
3.0,22483.0,5.94,74.4,76.0,36.6,10.54,21.77,112.37
3.4,26004.0,5.97,67.3,80.0,40.5,10.85,19.51,102.57
3.3,11838.0,3.66,34.0,60.7,23.9,11.44,26.56,43.23
3.3,31600.0,6.15,67.1,82.2,39.5,16.8,12.04,93.54
1.5,8918.0,4.36,10.5,73.4,29.5,10.95,31.23,337.21
3.5,42079.0,7.43,92.8,81.8,39.7,14.09,7.39,23.25
4.2,58686.0,7.49,85.2,82.6,40.7,15.6,13.05,200.2
0.8,5979.0,2.69,22.5,73.3,21.0,14.89,41.12,123.79
2.9,3111.0,4.97,13.0,68.1,20.0,10.6,54.32,56.09
1.8,2227.0,3.85,3.2,61.0,16.4,12.35,28.73,52.4
2.0,13318.0,6.23,23.7,76.4,34.9,11.68,31.61,134.5
0.8,1227.0,2.84,3.5,57.9,17.9,12.19,30.85,124.08
2.4,29745.0,6.17,55.2,73.3,30.7,13.69,29.85,276.81
0.8,10437.0,5.25,39.1,75.5,28.2,15.15,33.87,71.01
0.8,17919.0,4.89,43.1,74.9,27.5,13.96,40.55,96.38
3.5,16518.0,5.39,5.0,68.6,23.4,10.05,25.5,11.41
1.3,1890.0,3.71,4.6,58.0,14.1,14.7,47.06,166.05
3.4,10333.0,4.71,28.7,71.4,38.5,11.61,23.97,78.56
1.4,65307.0,6.62,78.0,78.5,26.9,11.74,39.19,120.74
5.2,34971.0,6.92,85.4,80.8,38.6,13.66,12.85,261.59
5.5,49675.0,7.25,69.7,78.8,36.2,15.75,9.74,34.31
3.1,17211.0,6.44,51.4,77.0,33.2,12.97,11.47,19.21
2.5,7396.0,5.94,18.6,69.6,23.8,10.23,33.99,65.94
2.1,17746.0,6.55,40.2,72.9,25.0,12.88,22.03,32.99
1.8,4786.0,5.02,35.1,73.7,28.1,9.13,38.49,281.88
0.7,4088.0,4.22,14.9,67.4,16.7,15.31,50.84,48.25
1.9,3205.0,5.24,3.5,57.8,15.5,11.78,28.99,19.19
2.3,1515.0,4.69,8.4,53.3,17.0,10.71,23.07,33.67
1.0,1945.0,3.13,5.5,61.9,15.0,16.72,66.02,46.71
2.2,9592.0,4.81,49.4,78.1,33.3,10.84,20.58,105.55
0.9,13379.0,6.35,18.2,74.2,25.7,13.93,33.37,15.64
1.4,8190.0,3.79,7.7,58.6,16.0,13.16,33.42,20.2
2.9,19599.0,6.67,55.8,76.5,29.3,12.61,16.14,15.33
2.6,9077.0,4.45,37.5,73.5,31.6,10.66,37.18,102.37
4.2,46999.0,7.29,79.0,82.3,36.2,17.52,10.54,2.95
4.0,41565.0,6.95,80.0,80.8,41.5,14.34,14.28,102.15
3.0,16359.0,5.25,54.2,70.4,27.8,9.82,22.18,114.77
0.9,36949.0,6.17,88.0,79.1,29.4,14.06,70.29,1560.44
1.5,2914.0,4.64,5.0,69.6,22.9,11.72,70.79,1168.4
3.7,18251.0,5.81,46.9,72.6,38.4,11.81,21.65,47.76
3.6,37906.0,6.86,80.7,80.3,40.2,13.67,14.74,364.3
0.9,1867.0,3.35,4.5,58.7,17.0,11.65,31.99,88.81
1.9,5511.0,5.86,35.3,66.7,21.7,14.51,26.39,9.76
2.4,8873.0,5.25,45.1,77.2,38.3,10.86,31.77,71.77
2.6,13743.0,4.03,16.0,60.8,21.5,11.34,24.85,3.84
4.2,14985.0,6.98,48.6,73.6,29.0,16.5,15.29,23.93
2.6,15204.0,4.44,51.9,74.4,41.7,10.5,22.64,68.98
0.8,1388.0,3.48,3.7,57.6,15.9,11.67,38.78,62.55
1.7,727.0,2.9,1.2,58.5,16.2,12.84,41.01,381.44
1.2,2634.0,3.88,4.9,68.9,22.9,12.32,31.28,83.77
1.0,2541.0,4.24,7.5,57.8,16.9,11.66,62.78,44.49
4.5,42445.0,7.3,83.0,81.7,39.1,13.44,8.11,3.87
1.5,916.0,2.69,2.4,50.7,15.3,14.27,53.36,7.66
0.8,1793.0,3.46,2.1,50.5,14.6,12.53,58.68,10.13
3.9,20531.0,6.84,55.0,79.0,32.3,14.12,25.05,23.32
1.8,10680.0,5.2,42.3,76.2,34.8,10.64,63.83,145.56
3.0,12123.0,6.45,49.0,75.6,27.3,10.78,20.54,41.26
1.6,1509.0,3.96,6.0,61.8,17.9,11.71,21.25,367.85
1.6,5949.0,4.06,6.1,62.3,18.5,12.88,43.49,13.8
2.5,12792.0,7.25,47.5,79.3,28.9,12.17,19.34,92.77
0.9,2636.0,3.57,4.4,56.2,16.7,10.98,22.49,69.22
3.2,19441.0,5.38,61.9,77.3,41.3,10.84,20.2,77.41
2.4,26011.0,5.63,60.7,80.1,33.6,14.38,19.22,125.17
3.7,26474.0,6.48,73.4,78.0,39.2,10.39,18.74,136.16
1.3,710.0,4.41,1.7,57.2,15.7,13.74,43.04,31.32
4.2,43510.0,7.51,92.3,80.1,39.9,12.71,11.12,140.02
1.8,2654.0,4.37,9.4,60.8,21.3,11.62,39.94,41.17
2.0,11848.0,5.39,42.3,72.5,24.4,14.4,16.15,207.64
1.8,10398.0,5.95,35.1,76.1,24.4,13.82,19.56,62.34
0.7,10767.0,4.89,26.4,70.1,22.8,13.91,72.79,91.66
4.1,7726.0,5.86,20.3,71.8,23.1,12.61,30.93,297.36
3.6,23026.0,5.56,78.4,76.5,39.8,11.41,7.81,30.94
3.0,7552.0,4.87,20.8,49.8,18.9,11.51,18.18,64.62
2.9,1287.0,4.51,2.9,61.5,16.5,12.5,35.97,83.69
3.5,37704.0,7.38,89.9,80.5,41.3,13.82,6.6,17.81
3.5,36571.0,6.47,81.4,81.8,39.6,15.25,13.83,115.19
1.6,16932.0,3.92,24.0,64.6,20.6,12.85,40.81,7.13
0.8,1725.0,4.12,12.4,62.1,15.9,12.65,30.73,203.66
2.7,9491.0,4.29,36.9,72.4,35.3,10.46,25.0,54.75
3.2,43320.0,6.98,82.3,80.5,43.9,13.8,13.58,233.39
1.0,3508.0,3.86,10.6,62.1,19.4,11.24,28.9,118.04
2.5,22693.0,4.76,55.1,80.3,41.2,15.73,18.42,85.06
4.0,6714.0,6.54,16.0,71.5,19.3,12.81,29.89,141.17
0.7,1397.0,3.41,3.1,57.4,16.5,11.75,22.99,43.91
2.2,1674.0,3.89,9.8,62.3,20.9,14.74,17.48,366.78
2.9,4518.0,5.06,18.1,71.7,20.2,12.21,27.45,78.58
3.1,20631.0,5.18,70.6,75.2,39.9,10.58,17.53,108.72
3.2,36990.0,7.5,96.2,82.6,34.4,13.26,7.34,3.18
1.7,4932.0,4.42,11.1,67.9,24.6,13.64,88.17,428.66
0.9,9285.0,5.6,14.5,69.0,27.2,10.32,18.17,133.27
1.1,16745.0,4.68,22.7,74.2,27.5,18.4,38.54,47.66
0.8,12652.0,4.54,7.1,68.0,18.2,14.04,66.84,78.01
4.9,48333.0,7.02,76.9,80.8,34.2,16.11,9.52,66.26
1.8,29517.0,7.4,70.8,81.7,28.6,13.61,23.04,350.84
2.8,34068.0,6.03,55.8,82.3,43.2,13.83,18.11,203.54
2.2,7053.0,5.31,33.8,73.4,26.4,13.26,15.46,254.83
1.4,35580.0,5.92,79.5,83.2,44.8,9.8,13.13,350.76
0.8,11523.0,5.33,37.0,74.4,20.8,14.19,33.02,81.22
4.6,22089.0,5.97,61.9,69.1,28.2,10.0,14.48,6.34
1.0,2765.0,4.9,10.5,61.1,17.3,12.12,29.37,76.83
0.9,78801.0,6.18,70.4,78.8,30.3,12.89,64.07,190.5
3.7,4104.0,5.25,19.8,69.0,22.8,10.8,25.49,29.36
1.3,4670.0,4.88,10.7,65.4,21.0,11.75,30.3,28.2
3.5,19405.0,5.73,73.1,73.7,41.0,11.73,15.6,33.0
1.1,16315.0,5.23,61.2,78.6,27.8,16.27,30.11,506.19
2.8,2456.0,3.81,10.0,47.8,20.4,12.79,31.21,67.68
0.9,853.0,4.57,2.6,59.9,17.6,12.67,16.29,44.97
1.3,29766.0,5.62,15.2,72.2,24.5,14.29,44.91,3.34
3.0,21303.0,6.13,67.2,74.2,40.9,12.53,13.78,48.92
3.8,52562.0,6.89,91.9,81.0,38.1,13.56,11.78,206.1
1.6,1351.0,3.68,2.3,63.5,17.3,12.69,22.72,39.47
1.8,1085.0,4.56,4.4,58.7,15.5,12.13,25.74,165.27
1.1,20134.0,5.96,65.8,74.9,26.0,11.46,19.18,90.28
0.7,1448.0,3.97,2.8,57.1,15.0,10.3,34.7,13.53
2.8,24301.0,6.45,68.2,81.4,39.4,14.21,15.4,1343.47
0.8,3213.0,4.48,5.0,63.6,16.8,10.23,42.34,3.53
1.9,16893.0,5.65,35.4,74.4,32.6,11.68,15.25,634.85
1.9,15639.0,6.68,39.8,74.6,25.5,11.57,25.98,59.55
2.7,4905.0,5.92,43.4,69.1,33.9,12.17,18.41,106.65
4.7,10493.0,4.82,16.4,68.1,25.0,10.64,42.65,1.79
2.6,15421.0,5.28,56.8,76.3,35.7,10.88,24.68,47.07
0.9,7365.0,5.16,55.4,71.7,25.6,15.18,27.79,74.73
1.9,967.0,4.55,5.0,55.6,16.0,13.18,22.87,31.14
1.3,4124.0,4.79,1.4,64.1,26.4,10.81,42.52,76.94
2.9,8483.0,4.57,12.9,57.6,19.8,10.67,26.8,2.63
1.6,2258.0,4.98,11.1,67.5,20.7,13.7,96.96,190.66
2.6,43957.0,7.32,92.9,81.0,40.4,14.86,13.81,498.52
4.5,32674.0,7.31,81.6,81.2,36.3,17.08,6.84,16.75
3.2,4376.0,6.28,13.5,72.6,21.5,12.57,22.35,50.11
0.7,864.0,4.18,1.0,59.6,14.4,11.41,72.54,14.17
0.8,5223.0,4.93,16.1,51.5,16.7,10.91,56.13,186.74
2.3,11242.0,5.2,57.4,75.1,35.1,10.64,34.66,83.25
2.6,81759.0,7.44,94.6,81.4,37.9,14.71,7.93,13.78
0.8,44008.0,6.85,60.0,77.1,26.2,13.07,40.73,11.42
1.9,4569.0,5.44,8.1,64.8,19.1,12.36,62.38,262.31
2.3,18051.0,6.63,40.3,76.8,26.5,11.43,13.97,50.62
3.3,7193.0,5.12,29.3,72.5,22.7,14.91,13.95,14.91
1.8,10533.0,5.87,38.2,74.5,25.7,13.12,30.49,23.24
1.3,6144.0,5.31,30.8,70.9,22.3,11.64,22.55,328.78
4.0,22188.0,5.75,62.3,76.7,37.6,9.7,24.26,126.17
4.0,24218.0,5.13,60.3,80.5,41.4,17.0,9.48,114.86
0.9,153922.0,6.37,69.3,79.2,29.9,12.73,89.25,165.85
2.5,17174.0,5.73,45.9,74.4,39.0,10.41,16.32,87.52
4.5,23931.0,6.04,66.0,70.8,37.2,10.53,18.3,8.77
3.5,1531.0,3.6,8.0,64.0,17.8,12.8,44.56,439.41
0.8,49867.0,6.28,54.0,76.5,26.5,13.02,85.51,14.34
0.8,2163.0,4.39,10.8,65.5,17.1,10.75,36.17,68.73
2.5,12384.0,5.11,48.1,75.1,41.2,10.69,28.58,86.8
0.8,1665.0,4.5,2.5,55.5,17.3,12.23,20.1,94.05
3.1,22816.0,6.14,76.7,76.2,37.0,10.52,19.76,112.51
3.4,25252.0,5.68,68.3,80.1,40.8,10.83,17.67,102.77
3.2,11992.0,4.83,41.0,61.8,24.2,11.46,26.58,43.81
3.3,30699.0,6.46,69.8,82.2,40.0,16.86,11.15,93.6
1.5,9678.0,4.27,10.5,73.9,29.8,10.94,30.08,339.75
3.6,41650.0,7.24,93.2,81.7,39.8,14.09,6.63,23.46
4.2,58674.0,7.49,85.2,82.6,40.9,15.58,12.26,202.34
0.8,4829.0,3.46,24.3,66.8,20.9,14.96,41.02,123.1
2.9,3285.0,4.9,14.5,68.5,20.2,10.58,48.99,57.33
1.8,2275.0,3.48,4.0,62.0,16.3,12.34,29.97,53.95
2.0,14227.0,6.99,26.5,76.8,35.3,11.63,31.53,135.37
0.8,1263.0,2.84,4.0,58.1,18.0,12.18,31.37,127.35
2.4,30157.0,6.17,57.5,73.7,31.2,13.71,27.94,278.83
0.8,10739.0,4.76,41.4,75.5,28.5,15.16,32.82,71.93
0.8,18170.0,5.58,45.1,75.7,27.8,13.94,41.92,97.81
3.4,18135.0,5.79,7.2,68.7,23.6,10.02,23.8,11.62
1.3,1877.0,3.77,4.8,58.8,14.2,14.6,49.63,170.92
3.4,10383.0,4.3,35.3,71.6,38.6,11.57,22.33,78.37
1.4,68255.0,6.54,85.0,78.7,27.5,11.76,39.28,122.01
5.3,35185.0,6.76,87.5,80.9,38.7,13.73,11.81,263.75
5.6,50394.0,7.15,74.7,78.9,36.3,15.59,9.0,34.62
3.1,17876.0,6.56,54.5,77.1,33.5,13.01,10.57,19.26
2.4,7928.0,6.05,23.6,69.9,24.2,10.19,31.66,66.95
2.1,18549.0,6.14,49.1,73.0,25.3,12.89,21.25,33.41
1.8,4984.0,5.08,36.8,73.7,28.5,9.15,37.23,284.92
0.7,4077.0,3.97,17.4,67.3,17.0,15.31,51.43,49.67
1.9,3350.0,4.35,4.1,58.9,15.6,11.8,29.74,19.83
2.3,1604.0,4.18,12.0,55.6,17.0,10.71,23.2,34.29
1.0,2025.0,3.98,5.9,62.4,15.2,16.65,61.37,48.36
2.2,9660.0,4.61,51.8,78.1,33.8,10.84,19.94,105.37
0.9,13494.0,5.34,22.5,74.6,26.0,13.94,34.25,15.95
1.4,8508.0,3.79,13.0,59.3,16.0,13.14,34.66,20.97
2.9,19873.0,6.7,59.9,76.5,29.5,12.62,15.6,15.49
2.5,9385.0,4.35,41.9,73.7,31.8,10.66,34.94,101.91
4.2,47250.0,7.31,83.5,82.6,36.2,17.48,9.99,3.0
4.0,41375.0,7.08,80.6,81.1,41.8,14.36,14.08,102.76
3.0,17133.0,5.15,73.0,70.9,28.1,9.81,22.28,116.33
0.9,38493.0,6.01,90.0,79.2,29.6,14.03,67.79,1607.24
1.4,3057.0,4.63,6.6,69.6,23.3,11.67,65.65,1183.3
3.7,18464.0,5.72,54.2,73.0,38.5,11.77,20.59,47.74
3.6,37737.0,6.9,82.2,80.5,40.3,13.67,14.02,366.69
0.9,1939.0,3.62,4.9,59.0,17.1,11.65,31.44,91.42
1.9,5789.0,5.83,37.0,67.0,22.0,14.51,26.09,9.92
2.5,9093.0,5.12,48.5,76.3,38.8,10.83,30.45,70.66
2.6,14853.0,3.76,30.0,62.0,21.7,11.34,24.87,3.91
4.2,15306.0,6.55,51.0,73.9,29.5,16.23,14.61,24.13
2.6,15420.0,4.87,53.1,74.8,42.0,10.47,21.0,68.45
0.8,1422.0,4.42,5.0,57.8,15.9,11.71,33.29,64.46
1.7,738.0,2.9,1.3,59.2,16.1,12.81,39.97,395.23
1.2,2782.0,4.16,6.0,69.3,23.3,12.27,30.34,84.97
1.0,2612.0,5.04,10.0,58.5,16.9,11.64,58.19,45.76
4.5,42994.0,7.41,85.8,81.8,39.3,13.48,7.79,3.91
1.4,567.0,2.69,2.5,50.9,15.0,14.31,50.87,7.71
0.8,1888.0,4.32,2.5,50.8,14.7,12.49,53.06,10.5
3.9,21135.0,6.53,58.0,79.3,32.6,14.1,23.94,23.55
1.8,11328.0,5.3,45.8,76.5,35.1,10.59,65.51,146.58
3.0,12568.0,6.39,51.7,75.8,27.7,10.75,19.22,41.67
1.6,1619.0,3.97,6.5,62.2,18.1,11.72,21.05,375.82
1.6,6031.0,4.69,6.6,62.7,18.4,12.84,46.13,14.14
2.5,12916.0,6.85,46.0,79.4,29.3,12.19,18.34,93.84
0.9,2823.0,4.45,6.6,56.7,16.7,10.99,21.31,70.66
3.2,19298.0,5.21,66.7,77.8,41.6,10.84,19.59,77.0
2.3,24519.0,5.44,65.5,80.4,34.0,14.4,18.68,126.3
3.7,26338.0,6.61,74.1,78.2,39.6,10.37,18.0,136.2
1.3,751.0,3.9,2.2,57.8,15.7,13.69,44.5,32.4
4.2,43733.0,7.51,94.6,80.3,40.2,12.72,10.82,140.63
1.8,2724.0,4.37,12.7,61.2,21.6,11.61,40.1,41.92
2.0,12251.0,5.06,45.9,72.7,24.7,14.38,15.4,210.25
1.8,10760.0,5.96,40.3,76.4,24.7,13.83,18.12,63.31
0.7,10775.0,4.76,29.4,70.1,22.9,13.95,76.21,93.8
4.1,7845.0,6.02,23.1,71.8,23.4,12.6,30.76,298.53
3.6,23436.0,5.63,80.0,77.1,40.1,11.37,7.48,30.83
3.0,7805.0,4.21,24.7,51.5,19.2,11.52,18.31,65.02
2.9,1365.0,4.57,4.6,62.4,16.7,12.43,35.88,86.02
3.5,37246.0,7.45,91.5,80.9,41.4,13.75,6.28,17.89
3.4,36632.0,6.36,81.9,82.0,39.9,15.19,13.59,115.67
1.6,17532.0,4.66,30.5,64.8,20.8,12.86,40.73,7.38
0.8,1767.0,4.12,14.0,62.1,16.0,12.66,29.8,209.97
2.6,9829.0,4.12,43.3,72.6,35.7,10.44,23.91,54.48
3.2,43413.0,7.04,84.2,80.5,44.2,13.81,13.19,233.78
1.0,3683.0,3.99,15.0,62.4,19.6,11.22,27.82,120.97
2.4,22118.0,5.62,59.9,81.0,41.6,15.55,17.78,84.67
3.9,6829.0,6.46,19.7,71.7,19.6,12.75,30.06,143.92
0.7,1421.0,3.5,4.5,57.8,16.6,11.74,21.26,44.99
2.2,1722.0,3.57,10.6,62.6,21.1,14.76,16.77,372.32
2.9,4561.0,4.85,17.8,72.0,20.6,12.21,27.68,80.08
3.1,21126.0,5.34,72.6,75.7,40.2,10.56,17.23,108.42
3.2,38258.0,7.5,96.5,81.9,34.6,13.27,7.17,3.21
1.7,5172.0,4.34,12.3,68.5,24.9,13.64,91.8,434.26
0.9,9703.0,5.04,14.9,69.3,27.5,10.3,16.88,134.9
1.1,16248.0,4.75,30.0,74.4,28.0,18.43,38.1,48.36
0.8,13158.0,4.49,9.2,68.3,18.3,14.19,63.8,81.73
4.8,48743.0,6.83,78.2,81.0,34.6,16.09,9.36,66.61
1.7,30257.0,7.08,70.3,82.1,28.7,13.52,22.95,357.06
2.7,33094.0,5.85,58.5,82.7,43.6,13.88,17.76,203.95
2.2,7017.0,5.31,37.1,73.4,26.8,13.3,14.93,256.06
1.4,36354.0,5.88,88.2,83.4,45.1,9.77,13.36,350.29
0.8,11488.0,5.4,41.4,74.6,21.0,14.17,33.42,86.66
4.5,23131.0,5.95,63.3,69.8,28.3,9.99,14.6,6.43
1.0,2854.0,4.36,13.0,61.4,17.5,12.07,28.94,78.7
0.9,75256.0,6.15,75.5,79.2,31.3,12.94,62.61,204.63
3.6,4509.0,4.91,23.0,69.2,22.9,10.77,25.44,29.82
1.3,4961.0,4.62,12.5,65.7,21.3,11.73,30.26,28.6
3.5,20129.0,5.88,75.2,74.2,41.4,11.72,14.88,32.64
1.1,15055.0,5.17,70.5,78.8,28.2,16.24,30.59,555.12
2.8,2559.0,3.81,15.0,49.0,20.6,12.8,32.15,68.31
0.9,900.0,2.7,3.2,59.9,17.5,12.65,15.38,45.96
1.3,13326.0,5.62,16.5,72.3,24.7,14.36,49.28,3.4
3.0,22274.0,5.71,68.5,74.3,41.3,12.48,12.98,48.36
3.8,53411.0,6.7,93.8,81.4,38.1,13.56,11.61,210.94
1.6,1345.0,3.59,3.0,64.0,17.5,12.69,23.91,40.54
1.8,1104.0,3.87,5.1,59.7,15.6,12.14,24.68,169.97
1.1,20760.0,6.32,57.1,75.0,26.4,11.49,17.55,91.72
0.7,1443.0,4.58,3.5,57.4,14.9,10.32,32.31,13.94
2.8,25162.0,6.61,68.9,82.0,39.4,14.24,15.28,1367.28
0.8,3319.0,3.92,6.2,63.9,16.8,10.25,40.22,3.63
1.9,17311.0,5.61,40.1,74.7,33.1,11.6,15.56,635.81
1.9,15680.0,6.24,43.5,74.7,25.9,11.53,25.45,60.34
2.7,5421.0,6.02,60.0,69.1,34.2,12.14,17.43,103.89
4.6,11545.0,4.98,17.7,68.6,25.3,10.6,42.32,1.83
2.6,16064.0,5.12,60.3,76.6,36.0,10.86,23.27,47.13
0.9,7619.0,5.16,56.0,72.1,25.9,15.15,29.26,75.74
1.9,1011.0,4.55,5.5,56.5,16.0,13.16,22.64,32.11
1.3,4424.0,4.22,1.8,64.8,26.7,10.76,42.88,77.6
2.9,8793.0,4.57,13.9,58.7,20.0,10.7,27.09,2.68
1.6,2316.0,4.81,13.3,68.0,20.9,13.57,95.31,191.01
2.7,43744.0,7.32,94.0,81.3,40.7,15.01,13.04,500.96
4.8,32989.0,7.42,82.8,81.7,36.5,17.11,6.78,16.9
3.2,4527.0,5.92,15.5,72.7,21.9,12.57,21.93,50.85
0.7,880.0,3.67,1.1,60.2,14.4,11.42,63.03,14.73
0.8,5370.0,4.93,19.1,51.7,16.7,10.76,49.74,191.84
2.3,11544.0,4.98,65.2,75.9,35.5,10.62,32.02,83.36
2.7,81583.0,7.6,95.1,81.7,38.0,14.72,7.63,13.95
0.8,41680.0,6.85,66.4,77.2,27.0,13.08,41.05,12.33
1.9,4703.0,4.82,9.0,65.1,19.2,12.38,61.02,266.37
2.3,18979.0,6.61,44.0,77.0,26.7,11.45,13.4,51.52
3.3,8102.0,5.56,36.9,72.8,23.1,14.95,12.93,15.12
1.8,11034.0,5.58,39.2,75.0,26.1,13.13,29.74,23.47
1.3,6472.0,5.55,32.7,70.8,22.5,11.61,21.22,334.37
4.1,22510.0,6.01,62.8,77.0,37.9,9.69,22.93,126.11
4.0,24076.0,5.08,62.1,80.8,41.9,16.84,9.43,114.23
0.9,154159.0,6.37,85.3,79.5,29.9,12.74,88.89,177.15
2.5,17979.0,5.78,49.8,75.0,39.3,10.42,15.37,87.22
4.4,24224.0,6.0,68.0,71.3,37.4,10.54,17.8,8.79
3.5,1554.0,3.48,9.0,64.4,17.9,12.77,44.41,449.99
0.9,50005.0,6.35,60.5,76.6,27.1,13.03,83.63,14.65
0.8,2185.0,4.62,13.1,66.1,17.1,10.77,34.02,70.62
2.5,12764.0,5.32,53.5,75.6,41.3,10.67,27.43,86.52
0.8,1965.0,4.91,4.0,56.3,17.4,12.21,18.44,96.49
3.1,23132.0,6.16,77.9,76.5,37.4,10.5,19.32,112.62
3.5,24944.0,5.74,72.7,80.3,41.1,10.8,17.57,102.92
3.1,12171.0,4.89,46.5,62.5,24.6,11.49,26.73,44.41
3.4,30280.0,6.38,71.6,82.7,40.5,16.9,10.74,93.29
1.5,9928.0,4.61,10.5,74.2,30.1,10.93,28.9,341.61
3.7,41811.0,7.29,94.8,81.9,39.8,14.08,6.43,23.69
4.2,59036.0,7.57,86.3,82.7,41.0,15.56,11.82,204.69
0.8,4124.0,3.46,26.2,63.8,20.2,15.05,41.91,117.06
2.8,3471.0,5.12,16.0,68.9,20.4,10.57,49.55,58.63
1.8,2372.0,3.66,4.4,63.0,16.3,12.32,29.36,55.6
2.0,14562.0,6.2,28.9,77.1,35.7,11.58,31.17,136.19
0.8,1292.0,3.77,4.5,58.7,18.0,12.17,29.57,130.65
2.4,30987.0,6.19,59.9,74.0,31.7,13.74,27.16,280.84
0.8,10898.0,5.13,43.8,75.7,28.9,15.16,35.65,72.74
0.8,18788.0,5.51,46.3,76.3,28.2,13.93,42.06,99.5
3.3,19751.0,5.79,9.6,68.7,23.9,9.99,23.72,11.83
1.3,1889.0,4.24,5.1,59.8,14.3,14.5,47.72,175.91
3.5,10404.0,3.96,41.0,71.9,38.8,11.52,21.53,78.2
1.4,70791.0,6.57,88.0,78.9,28.1,11.8,39.61,123.23
5.4,35618.0,6.52,89.8,80.9,38.8,13.82,11.62,265.79
5.7,50863.0,6.86,71.4,79.0,36.4,15.41,8.73,34.91
3.1,18589.0,6.63,57.7,77.2,33.7,13.06,10.46,19.32
2.3,8482.0,5.97,26.8,70.0,24.5,10.16,30.81,68.0
2.0,21429.0,5.57,54.9,73.2,25.6,12.9,20.43,33.83
1.8,5200.0,5.08,38.5,73.8,28.9,9.18,36.84,288.0
0.7,4165.0,2.98,20.0,67.5,17.2,15.33,53.0,51.11
1.9,3419.0,4.84,4.8,59.9,15.7,11.83,29.11,20.49
2.3,1604.0,3.7,15.5,57.5,16.9,10.72,23.11,35.04
1.0,2022.0,4.22,7.0,62.5,15.5,16.6,59.01,50.16
2.2,9808.0,4.51,54.3,78.4,34.3,10.84,18.88,105.26
0.9,13744.0,5.34,29.5,75.1,26.3,13.94,35.56,16.27
1.4,8673.0,3.79,21.4,60.0,16.0,13.13,32.97,21.76
2.9,19183.0,6.43,64.7,76.8,29.7,12.63,14.47,15.65
2.5,9735.0,4.33,54.6,74.1,32.0,10.66,33.09,101.51
4.2,47867.0,7.25,84.0,82.6,36.3,17.45,9.49,3.05
3.9,41338.0,7.05,81.0,81.4,41.9,14.37,13.38,103.56
3.0,17439.0,5.3,75.0,71.1,28.4,9.8,20.71,117.87
0.9,39799.0,6.17,90.5,79.3,29.8,14.01,62.76,1670.24
1.4,3217.0,4.56,11.9,70.0,23.6,11.63,68.4,1198.14
3.8,18822.0,5.18,59.0,73.6,38.7,11.75,19.77,47.76
3.6,38228.0,6.95,85.0,81.1,40.4,13.66,13.23,369.11
0.9,2008.0,4.01,6.0,59.1,17.1,11.65,29.66,94.14
1.9,6007.0,5.77,34.6,67.2,22.2,14.51,24.82,10.08
2.5,9201.0,5.18,49.9,75.7,39.1,10.8,28.78,69.75
2.6,15082.0,3.5,36.7,62.6,22.0,11.35,24.15,3.99
4.3,15258.0,6.37,54.6,74.3,29.9,16.0,13.99,24.34
2.6,15711.0,4.84,55.5,74.5,42.3,10.45,20.74,67.91
0.8,1437.0,4.21,6.0,58.4,16.0,11.74,33.97,66.41
1.7,748.0,3.78,1.4,59.9,16.0,12.8,39.39,408.68
1.2,2930.0,4.46,14.0,69.7,23.7,12.22,28.58,86.17
1.0,2696.0,4.82,16.2,58.9,17.0,11.63,56.72,47.17
4.5,43607.0,7.24,87.1,81.9,39.5,13.51,7.43,3.95
1.4,561.0,2.69,2.7,50.6,14.7,14.36,49.36,7.7
0.8,2279.0,4.03,2.9,51.2,14.7,12.45,51.25,10.88
3.9,21335.0,6.58,61.1,79.5,33.0,14.08,22.87,23.79
1.8,11944.0,5.32,47.9,76.7,35.3,10.55,59.77,147.55
3.0,12972.0,6.23,52.6,76.0,28.1,10.75,18.34,42.07
1.6,1647.0,3.97,7.0,62.5,18.4,11.73,21.5,384.0
1.6,6321.0,4.12,7.1,63.0,18.2,12.8,45.85,14.48
2.5,13222.0,7.14,53.0,78.8,29.7,12.21,17.54,94.87
0.9,3011.0,4.54,10.0,57.2,16.7,11.01,20.9,72.31
3.2,19284.0,5.42,68.6,78.0,41.9,10.85,18.43,76.55
2.3,24411.0,5.79,69.3,80.8,34.5,14.42,18.29,127.38
3.7,27024.0,6.74,74.2,78.8,40.0,10.35,17.39,136.24
1.3,802.0,4.52,3.0,58.3,15.7,13.64,42.55,33.54
4.2,44241.0,7.56,96.0,80.6,40.4,12.72,11.07,141.27
1.7,2823.0,4.37,17.0,61.6,21.9,11.6,41.26,42.67
1.9,13017.0,5.24,49.6,72.9,25.0,14.36,14.19,212.84
1.8,11036.0,6.12,45.6,76.6,25.1,13.84,16.23,64.25
0.7,11016.0,4.56,33.9,70.4,23.1,13.97,76.56,96.03
4.0,7935.0,6.14,24.8,71.7,23.7,12.6,27.5,299.69
3.7,24146.0,5.65,84.2,77.1,40.4,11.33,7.71,30.75
3.0,7927.0,4.21,25.0,53.0,19.5,11.52,17.98,65.46
2.9,1459.0,4.3,7.7,62.9,17.0,12.36,35.04,88.38
3.5,36858.0,7.66,86.5,81.0,41.4,13.68,6.47,17.97
3.4,36527.0,6.48,83.8,82.5,40.2,15.14,12.29,116.13
1.6,18053.0,4.83,38.1,65.0,21.0,12.86,41.32,7.63
0.8,1743.0,4.12,15.6,62.3,16.0,12.67,30.62,216.31
2.6,10297.0,4.45,44.0,73.1,35.9,10.43,22.97,54.31
3.1,43922.0,6.87,86.2,80.9,44.5,13.81,12.75,234.29
1.0,3747.0,4.51,19.0,63.0,19.6,11.21,25.89,123.92
2.4,22344.0,5.3,63.2,81.0,42.0,15.4,17.37,84.27
3.9,6981.0,6.36,23.4,72.0,19.9,12.71,26.53,146.64
0.8,1399.0,3.6,6.4,57.9,16.7,11.73,21.2,46.12
2.2,1749.0,3.35,11.4,63.0,21.4,14.78,16.26,377.82
2.9,4620.0,5.65,23.0,72.3,20.9,12.22,23.16,81.58
3.1,22040.0,5.45,75.7,75.8,40.5,10.55,16.32,108.13
3.3,38563.0,7.51,98.2,82.6,34.7,13.29,6.95,3.25
1.7,5458.0,4.18,13.5,69.1,25.2,13.63,89.62,439.68
0.9,10090.0,5.14,17.1,69.5,27.8,10.28,16.45,136.47
1.1,16493.0,4.65,39.3,74.8,28.5,18.46,38.11,49.28
0.8,12817.0,4.41,13.2,68.9,18.4,14.31,56.57,84.64
4.8,52651.0,7.04,83.5,81.3,35.0,16.07,8.75,67.09
1.7,30686.0,7.16,75.0,82.2,28.8,13.44,22.06,363.39
2.6,32829.0,5.95,55.6,82.9,44.0,13.92,17.77,203.99
2.1,7005.0,5.89,40.4,73.0,27.3,13.33,14.07,257.11
1.4,36537.0,5.95,89.1,83.7,45.5,9.74,12.59,349.73
0.8,11523.0,5.27,46.2,74.8,21.1,14.16,33.21,97.51
4.4,23841.0,5.53,66.0,70.3,28.5,9.99,13.75,6.52
1.0,2942.0,4.4,16.5,61.8,17.7,12.04,28.95,80.53
0.9,72508.0,5.95,78.7,79.4,32.1,12.98,55.62,211.09
3.5,4644.0,4.86,28.3,69.9,23.0,10.74,23.3,30.32
1.3,5251.0,4.62,14.3,66.4,21.7,11.7,28.39,28.99
3.6,20751.0,5.94,75.8,74.4,41.7,11.71,14.88,32.32
1.1,13416.0,5.27,73.0,79.0,28.6,16.23,30.44,613.33
2.8,2644.0,3.81,22.0,50.0,20.8,12.8,33.08,69.01
0.9,884.0,3.35,5.4,59.1,17.5,12.64,14.94,46.92
1.3,9736.0,5.43,17.8,71.5,24.9,14.44,47.5,3.47
3.1,23252.0,5.87,72.1,74.8,41.7,12.43,12.85,47.83
3.7,55102.0,6.97,94.7,81.7,38.2,13.55,10.86,216.0
1.6,1354.0,3.66,3.7,64.3,17.7,12.69,23.52,41.62
1.8,1129.0,3.48,5.8,60.9,15.6,12.14,25.2,174.78
1.1,21683.0,6.32,63.7,75.1,26.8,11.52,16.92,93.16
0.7,1505.0,4.02,7.0,57.9,14.9,10.34,33.92,14.38
2.8,26998.0,6.59,73.2,82.7,39.3,14.25,14.44,1395.15
0.8,3459.0,4.47,11.8,64.2,16.8,10.27,43.11,3.73
1.9,17818.0,5.61,44.8,74.9,33.6,11.53,15.29,636.51
1.9,15856.0,6.82,44.4,74.8,26.3,11.5,23.1,61.09
2.7,5739.0,5.58,67.0,69.0,34.5,12.11,16.73,101.52
4.6,12283.0,5.06,19.9,69.0,25.6,10.56,39.3,1.86
2.6,16437.0,5.3,61.0,76.7,36.2,10.85,21.95,47.16
0.9,7733.0,5.39,56.8,72.5,26.3,15.13,29.95,76.74
1.9,1060.0,4.28,6.0,57.3,16.1,13.15,22.61,33.11
1.3,4728.0,4.62,7.4,65.1,27.0,10.71,40.29,78.25
2.8,9170.0,4.44,14.8,59.8,20.2,10.73,26.02,2.72
1.6,2421.0,5.1,15.4,68.1,21.2,13.47,98.12,191.57
2.7,44205.0,7.54,91.7,81.6,41.0,15.12,12.83,503.54
5.0,33339.0,7.23,84.0,81.8,36.5,17.14,6.36,17.14
3.2,4685.0,6.01,17.6,72.8,22.2,12.56,19.39,51.59
0.7,911.0,4.23,1.2,60.8,14.4,11.43,60.54,15.29
0.8,5569.0,5.22,21.0,51.8,16.7,10.64,48.63,196.95
2.3,11937.0,5.35,68.1,75.9,35.8,10.61,31.79,83.48
2.7,82216.0,7.6,96.3,82.1,38.1,14.73,7.67,14.1
0.8,39418.0,6.85,70.2,77.4,27.4,13.11,37.71,12.95
1.9,4850.0,5.55,10.0,65.3,19.3,12.4,59.52,270.15
2.3,19855.0,6.12,44.9,77.2,27.0,11.46,12.92,52.42
3.3,8382.0,5.8,43.0,72.9,23.4,15.0,12.64,15.33
1.8,11186.0,5.7,40.2,75.3,26.4,13.14,27.58,23.71
1.3,6763.0,5.43,34.7,71.2,22.7,11.58,20.26,339.82
4.1,23266.0,6.16,66.6,77.6,38.3,9.67,22.21,126.03
4.0,24423.0,5.45,64.6,81.2,42.3,16.71,8.78,113.62
0.9,155069.0,6.37,91.5,79.8,30.0,12.74,78.83,192.73
2.5,18515.0,5.97,54.1,74.9,39.6,10.42,15.01,86.91
4.3,24387.0,5.85,70.5,71.6,37.5,10.55,16.58,8.81
3.5,1615.0,3.33,10.6,64.9,18.1,12.74,42.21,460.82
0.9,50693.0,6.47,64.7,76.8,27.7,13.05,75.61,14.94
0.8,2224.0,4.59,17.7,66.5,17.1,10.79,36.83,72.56
2.5,12606.0,5.75,62.1,75.7,41.5,10.67,26.49,86.26
0.8,2007.0,4.73,6.1,56.4,17.5,12.18,17.7,98.93
3.1,23703.0,5.99,80.0,76.8,37.8,10.48,18.3,112.72
3.5,25693.0,5.94,71.6,80.9,41.4,10.78,16.63,103.04
3.0,12242.0,4.77,49.0,63.4,24.9,11.51,26.72,45.12
3.4,30819.0,6.32,76.2,82.9,41.1,16.93,10.07,93.01
1.5,10342.0,4.33,10.5,74.7,30.5,10.92,26.92,343.35
3.8,42476.0,7.37,92.5,82.2,39.8,14.07,6.96,23.93
4.2,59485.0,7.46,87.4,83.1,41.2,15.54,11.39,207.2
0.8,3536.0,3.46,28.1,63.2,19.0,15.14,41.53,109.31
2.8,3633.0,5.1,17.5,69.1,20.5,10.55,46.48,59.99
1.8,2467.0,2.9,7.0,63.9,16.3,12.31,28.87,57.37
2.0,14642.0,6.07,34.9,77.4,36.1,11.54,29.36,136.94
0.8,1334.0,3.88,5.7,58.9,18.1,12.15,28.94,134.0
2.4,30842.0,6.19,62.4,74.2,32.2,13.77,24.86,282.78
0.8,11040.0,4.52,46.2,75.6,29.3,15.17,34.69,73.56
0.8,19277.0,5.33,51.0,76.6,28.5,13.91,42.6,101.49
3.2,21546.0,5.89,12.2,68.6,24.1,9.97,22.08,12.05
1.3,1923.0,4.23,5.4,60.4,14.4,14.43,46.93,181.21
3.5,9818.0,4.03,46.2,72.6,38.9,11.49,20.49,77.92
1.4,72601.0,6.83,90.4,79.0,28.7,11.84,37.98,124.42
5.5,36436.0,6.82,91.6,81.2,38.9,13.89,10.8,267.74
5.7,51664.0,6.8,73.0,79.0,36.5,15.27,8.22,35.2
3.1,19160.0,6.17,61.5,77.4,33.9,13.1,9.93,19.38
2.3,9085.0,5.89,35.5,70.2,24.8,10.13,28.9,69.09
2.0,20317.0,4.04,57.0,72.9,25.9,12.92,19.1,34.23
1.8,5455.0,5.06,41.0,73.9,29.3,9.21,34.9,291.09
0.7,4054.0,3.83,22.5,67.4,17.4,15.36,48.34,52.57
1.9,3478.0,4.35,6.5,60.7,15.8,11.86,28.49,21.17
2.3,1594.0,3.74,16.4,58.8,17.0,10.72,22.81,35.82
1.0,1928.0,2.66,8.3,62.7,15.7,16.56,61.25,51.75
2.2,10032.0,4.64,56.9,78.6,34.7,10.83,19.51,105.2
0.9,14004.0,5.25,38.2,75.6,26.5,13.94,36.09,16.6
1.4,8689.0,3.79,22.0,60.7,16.0,13.12,32.73,22.56
2.9,19502.0,6.04,68.0,76.8,29.9,12.63,14.63,15.81
2.5,10042.0,4.29,59.1,74.4,32.3,10.66,34.88,101.11
4.2,48357.0,7.26,84.6,82.7,36.3,17.42,9.32,3.1
3.9,41294.0,7.29,83.9,81.2,42.0,14.38,13.54,104.73
3.0,17460.0,5.15,77.0,71.5,28.8,9.78,21.41,119.35
0.9,40483.0,6.23,93.5,79.4,29.9,13.98,72.6,1735.23
1.4,3402.0,4.31,12.9,70.5,24.0,11.58,66.97,1212.49
3.8,18136.0,5.55,62.2,74.0,38.8,11.73,20.08,47.79
3.6,38569.0,6.93,85.1,80.9,40.5,13.66,13.57,371.48
0.9,2055.0,4.85,11.3,59.4,17.2,11.64,40.47,96.96
1.9,6200.0,5.65,37.5,67.3,22.5,14.51,22.48,10.24
2.5,9495.0,5.09,52.6,76.2,39.5,10.79,29.62,68.83
2.5,14805.0,3.5,37.3,63.8,22.2,11.35,24.33,4.07
4.3,15826.0,6.33,58.3,74.3,30.3,15.9,13.59,24.55
2.6,16373.0,5.1,56.7,74.6,42.6,10.43,20.78,67.33
0.8,1450.0,4.65,8.0,58.8,16.0,11.75,46.56,68.41
1.7,694.0,3.78,2.0,60.2,15.6,12.79,38.43,417.72
1.2,3086.0,4.59,18.0,69.9,24.2,12.17,26.77,87.34
1.0,2778.0,5.07,18.3,59.7,17.1,11.62,77.05,48.68
4.6,43619.0,7.41,90.0,81.9,39.6,13.53,7.15,3.99
1.4,576.0,3.48,2.9,52.8,14.5,14.4,58.33,7.74
0.8,2384.0,4.56,3.5,51.6,14.7,12.43,68.68,11.23
3.9,21589.0,6.32,76.6,79.7,33.3,14.06,22.57,24.03
1.8,12244.0,5.1,50.3,77.0,35.6,10.54,59.06,148.45
3.0,13218.0,6.16,55.9,76.3,28.5,10.75,17.3,42.47
1.6,1696.0,3.97,7.5,62.9,18.6,11.74,20.72,392.38
1.6,6272.0,4.88,7.6,63.2,18.1,12.78,44.15,14.83
2.5,13677.0,7.23,59.8,79.1,30.2,12.21,16.88,95.87
0.9,3218.0,5.04,16.7,57.8,16.8,11.01,27.69,74.2
3.2,19698.0,5.34,69.8,77.6,42.2,10.84,19.21,76.03
2.3,24963.0,6.06,71.7,81.0,34.9,14.43,19.1,128.49
3.7,28194.0,6.79,75.7,78.6,40.3,10.34,17.42,136.32
1.3,836.0,4.31,3.8,58.5,15.7,13.6,44.93,34.7
4.2,44635.0,7.59,96.3,80.7,40.6,12.72,10.66,141.94
1.9,13762.0,5.61,54.2,73.0,25.3,14.36,14.86,215.4
1.8,10905.0,5.84,48.9,76.8,25.4,13.85,15.7,65.21
0.7,11159.0,3.93,37.8,70.5,23.1,13.97,88.21,98.17
4.0,8109.0,6.34,26.8,71.8,24.0,12.59,26.47,300.73
3.7,24493.0,5.94,88.4,77.7,40.6,11.31,7.0,30.75
3.0,7969.0,4.21,25.6,55.0,19.8,11.53,17.92,65.93
2.9,1553.0,4.18,13.9,63.6,17.2,12.32,38.86,90.8
3.5,36836.0,7.79,86.4,81.4,41.5,13.65,6.06,18.03
3.4,36827.0,6.64,78.0,82.2,40.4,15.12,12.75,116.54
1.6,18389.0,4.78,45.8,65.5,21.1,12.87,44.1,7.87
0.8,1786.0,4.12,18.2,62.5,16.1,12.68,36.31,222.64
2.6,10603.0,4.45,47.6,73.3,36.0,10.41,24.25,54.27
3.1,44293.0,7.07,87.6,80.6,44.7,13.81,12.83,234.9
1.0,3809.0,5.48,23.0,63.2,19.7,11.2,34.68,126.89
2.4,22442.0,5.15,66.8,80.7,42.4,15.35,17.74,83.84
3.9,7138.0,6.33,28.8,72.1,20.1,12.69,25.07,149.32
0.8,1364.0,4.87,9.2,58.1,16.9,11.72,26.94,47.31
2.2,1742.0,3.82,14.2,63.2,21.6,14.79,15.54,383.3
2.9,4706.0,6.02,27.1,72.5,21.3,12.22,22.41,83.07
3.0,22788.0,6.07,72.8,75.7,40.7,10.53,17.23,107.87
3.3,39727.0,7.48,98.2,82.4,35.0,13.3,6.93,3.28
1.7,5794.0,4.05,14.9,69.6,25.5,13.62,89.3,444.93
0.9,10484.0,5.1,22.1,69.7,28.0,10.26,16.64,138.0
1.1,16253.0,4.72,45.3,75.1,28.9,18.47,39.61,50.41
0.8,13014.0,4.46,16.8,69.4,18.6,14.34,66.27,86.97
4.8,54278.0,7.06,83.5,81.4,35.4,16.07,8.67,67.73
1.7,30954.0,7.33,77.4,82.1,28.8,13.39,22.78,370.05
2.6,33118.0,6.2,58.1,82.5,44.4,13.94,17.89,203.68
2.1,7024.0,5.89,42.2,72.4,27.8,13.34,14.18,258.03
1.5,37031.0,5.91,91.1,83.9,45.9,9.72,12.69,349.11
0.8,11519.0,4.81,54.2,75.0,21.4,14.15,34.31,106.92
4.3,23850.0,5.88,70.8,70.7,28.6,9.98,14.38,6.61
1.0,3046.0,4.48,16.6,61.9,17.9,12.01,28.54,82.32
0.9,71354.0,6.09,82.0,79.6,32.9,13.01,65.41,219.35
3.4,4754.0,5.63,30.2,70.0,23.1,10.72,24.34,30.84
1.3,5559.0,4.62,18.2,66.7,22.0,11.68,26.14,29.41
3.6,21488.0,5.98,79.2,74.7,42.1,11.7,13.97,32.01
1.1,12953.0,5.15,74.0,79.2,28.8,16.21,31.23,625.51
2.8,2710.0,3.8,25.0,51.1,21.0,12.8,30.88,69.78
0.9,865.0,4.42,10.0,59.1,17.5,12.62,18.21,47.89
1.3,8514.0,5.65,17.8,71.7,25.1,14.51,51.53,3.52
3.1,23889.0,6.27,71.4,74.6,42.1,12.4,12.46,47.33
3.7,55972.0,7.06,96.4,81.8,38.3,13.55,11.01,221.18
1.6,1360.0,4.08,4.2,64.3,17.9,12.69,22.95,42.71
1.8,1124.0,3.42,6.0,61.4,15.7,12.15,24.54,179.67
1.1,22432.0,5.34,71.1,75.1,27.3,11.53,17.44,94.56
0.7,1553.0,4.74,10.3,58.4,14.8,10.35,41.93,14.84
2.8,28700.0,6.68,76.0,83.0,39.2,14.26,14.72,1426.83
0.8,3424.0,4.68,17.6,64.5,16.9,10.28,49.5,3.83
1.9,18322.0,6.17,50.1,75.0,34.1,11.49,14.44,637.02
1.9,16096.0,6.41,57.4,74.7,26.7,11.49,22.13,61.81
2.7,5775.0,5.33,69.0,69.2,34.7,12.07,17.08,99.66
4.5,12398.0,5.33,22.5,69.5,25.8,10.54,42.51,1.9
2.6,17249.0,5.61,68.1,76.8,36.5,10.84,22.56,47.14
0.9,8001.0,5.31,57.1,72.9,26.6,15.1,31.44,77.71
1.9,1103.0,4.28,6.5,58.2,16.2,13.13,21.91,34.14
1.3,5021.0,4.15,10.9,65.6,27.3,10.67,38.51,78.88
2.8,9462.0,4.44,25.7,60.7,20.4,10.74,26.91,2.77
1.6,2455.0,4.74,17.6,67.5,21.5,13.41,96.25,192.61
2.7,44869.0,7.46,91.7,81.5,41.2,15.17,12.93,506.12
5.1,33696.0,7.33,85.2,82.0,36.3,17.15,6.33,17.43
3.2,4866.0,6.48,19.7,73.0,22.5,12.56,18.57,52.34
0.7,913.0,4.62,2.5,61.1,14.4,11.44,87.28,15.89
0.8,5578.0,5.32,24.5,51.8,16.7,10.58,75.4,202.02
2.3,12371.0,5.23,70.4,76.0,36.1,10.6,31.98,83.58
2.7,82713.0,7.58,96.8,82.3,38.2,14.74,7.24,14.25
1.9,5030.0,5.83,11.0,65.7,19.4,12.42,60.09,273.67
2.3,20723.0,6.57,51.2,77.5,27.2,11.47,12.49,53.34
3.3,8539.0,5.71,49.7,73.2,23.7,15.02,13.04,15.55
1.8,11445.0,5.71,40.9,75.6,26.7,13.14,26.04,23.99
1.3,7047.0,5.59,36.9,71.3,23.0,11.55,19.58,345.55
4.2,24177.0,6.2,68.0,77.4,38.7,9.66,22.69,125.94
4.0,24915.0,5.71,68.6,81.2,42.8,16.65,8.82,113.15
0.9,156029.0,6.37,92.9,80.1,30.2,12.75,94.4,210.15
2.5,19320.0,6.09,55.8,74.8,39.9,10.42,15.43,86.52
4.3,23691.0,5.58,70.1,72.1,37.6,10.55,17.02,8.83
3.5,1693.0,3.11,18.0,65.3,18.2,12.72,42.61,471.95
0.9,51681.0,6.29,69.6,76.9,28.3,13.05,97.43,15.23
0.8,2311.0,4.68,21.7,66.9,17.2,10.8,44.34,74.57
2.5,12765.0,5.12,65.3,75.8,41.7,10.66,26.95,85.98
0.8,1563.0,4.09,6.3,57.2,17.7,12.16,22.53,101.34
3.2,24588.0,6.37,77.6,76.6,38.2,10.46,18.8,112.82
3.5,26268.0,6.17,73.1,80.8,41.6,10.77,17.13,103.34
2.9,12246.0,4.51,51.9,63.9,25.3,11.54,26.11,46.06
3.4,31847.0,6.23,78.7,82.6,41.5,16.96,10.45,92.95
1.4,10763.0,4.33,12.1,74.9,30.8,10.91,25.34,344.92
3.9,43746.0,7.29,90.6,82.2,39.8,14.07,6.32,24.18
4.2,59307.0,7.47,87.5,82.8,41.2,15.52,11.17,209.58
0.8,3049.0,3.46,30.0,65.1,18.3,15.2,44.31,104.59
2.7,3789.0,5.83,19.0,69.3,20.6,10.53,47.79,61.42
1.8,2566.0,3.35,10.0,64.7,16.4,12.3,28.24,59.32
2.0,15020.0,5.94,39.3,77.7,36.5,11.51,27.34,137.59
0.8,1370.0,4.36,7.1,59.4,18.1,12.14,38.36,137.4
2.4,30702.0,6.19,65.1,74.5,32.7,13.78,24.9,284.64
0.8,11060.0,4.12,46.5,75.7,29.6,15.17,36.3,74.39
0.8,19836.0,5.61,53.7,76.6,28.8,13.88,45.4,103.49
3.1,22675.0,5.23,15.0,68.8,24.4,9.95,22.97,12.27
1.3,1954.0,4.0,5.7,61.1,14.6,14.4,48.95,186.9
3.5,8961.0,4.31,48.9,73.5,39.1,11.47,21.25,77.64
1.4,74746.0,7.04,90.5,79.2,29.2,11.86,42.33,125.55
5.6,36941.0,7.1,92.0,80.9,39.0,13.91,10.75,269.6
5.8,52591.0,6.99,74.6,78.9,36.6,15.19,8.06,35.49
3.1,19244.0,6.34,64.6,77.5,34.0,13.11,9.66,19.44
2.3,9720.0,6.42,42.8,70.5,25.1,10.09,30.39,70.24
2.0,18802.0,5.07,58.0,73.0,26.2,12.93,18.3,34.61
1.8,5763.0,5.18,45.0,73.9,29.7,9.21,32.47,294.14
0.7,2844.0,3.25,24.1,65.9,17.6,15.39,54.26,54.01
1.9,3478.0,3.93,8.8,61.2,16.0,11.87,28.38,21.86
2.3,1560.0,3.64,22.7,59.6,17.0,10.71,21.73,36.59
1.0,1929.0,2.69,11.0,63.1,15.8,16.53,56.29,53.1
2.1,10342.0,5.0,59.6,78.9,35.1,10.82,18.19,105.15
0.9,14331.0,5.04,42.9,75.7,26.8,13.92,39.85,16.94
1.4,8453.0,3.79,23.2,61.1,16.0,13.12,31.79,23.39
2.9,18875.0,5.79,71.0,76.3,30.1,12.64,13.75,15.96
2.5,10080.0,5.06,64.3,74.7,32.5,10.65,32.23,100.66
4.2,48845.0,7.18,86.5,82.9,36.2,17.45,8.61,3.15
3.9,41445.0,7.4,84.3,81.6,42.0,14.4,12.6,105.87
3.0,16645.0,5.17,78.2,72.0,29.2,9.77,20.21,120.71
0.9,41078.0,7.1,98.0,79.6,30.1,13.95,69.86,1795.76
1.4,3604.0,4.5,18.1,71.1,24.4,11.54,60.13,1227.51
3.7,17628.0,5.23,71.1,74.3,39.0,11.72,18.88,47.83
3.6,38766.0,6.89,86.5,81.3,40.5,13.65,12.83,373.74
0.9,2080.0,5.82,14.5,59.5,17.2,11.63,38.45,99.86
1.8,6355.0,5.92,39.7,67.6,22.7,14.49,21.39,10.4
2.4,9746.0,5.89,60.3,76.8,39.9,10.77,27.59,67.99
2.5,15198.0,3.46,39.4,65.5,22.4,11.36,23.63,4.15
4.3,13873.0,6.19,60.9,74.4,30.7,15.91,12.66,24.75
2.5,17037.0,5.1,59.8,74.8,42.9,10.42,19.28,66.75
0.8,1483.0,4.93,12.0,59.3,16.1,11.74,41.54,70.45
1.7,665.0,3.78,2.2,60.8,15.2,12.8,38.65,424.58
1.2,3251.0,5.12,32.4,70.2,24.6,12.13,25.2,88.51
1.0,2828.0,5.25,20.6,60.2,17.2,11.61,73.21,50.16
4.6,43745.0,7.18,91.2,82.0,39.7,13.53,6.55,4.03
1.4,589.0,3.48,3.1,53.5,14.5,14.43,56.99,7.87
0.8,2189.0,4.49,5.8,52.1,14.7,12.42,64.77,11.59
3.9,21696.0,6.44,83.6,80.1,33.6,14.05,20.88,24.32
1.8,12569.0,5.13,53.2,77.2,35.9,10.58,52.21,149.32
3.0,13326.0,5.98,58.1,76.5,28.9,11.05,16.58,42.93
1.6,1702.0,3.97,7.9,63.2,18.8,11.76,20.48,400.99
1.5,5974.0,5.49,8.1,63.6,18.1,12.78,45.71,15.19
2.5,14098.0,7.14,65.9,79.5,30.6,12.22,15.66,96.85
0.9,3395.0,5.27,25.3,58.1,16.9,11.0,26.67,76.14
3.1,20376.0,5.54,72.7,78.2,42.4,10.86,17.79,75.48
2.3,25577.0,6.28,75.9,81.1,35.3,14.41,16.96,129.64
3.7,28823.0,7.03,76.5,79.0,40.7,10.33,16.1,136.37
1.3,836.0,4.31,6.2,59.1,15.7,13.55,45.5,35.92
4.2,44836.0,7.65,97.0,80.9,40.8,12.71,10.1,142.67
1.9,14489.0,5.43,63.9,73.0,25.6,14.35,13.69,217.92
1.7,10527.0,6.13,54.1,76.8,25.8,13.84,14.98,66.19
0.7,11351.0,4.01,41.2,70.8,23.3,13.94,88.15,100.24
3.9,8280.0,6.24,29.0,72.0,24.3,12.59,24.74,301.67
3.6,24857.0,6.09,87.2,77.8,40.7,11.29,6.82,30.78
2.9,7881.0,4.21,28.6,56.7,20.1,11.53,17.15,66.43
2.9,1635.0,4.38,15.4,64.4,17.4,12.3,39.25,93.3
3.5,37239.0,7.86,87.7,81.3,41.5,13.59,5.89,18.08
3.4,37124.0,6.67,79.3,82.4,40.6,15.12,11.86,116.86
1.6,18413.0,4.78,48.1,65.8,21.3,12.88,43.72,8.1
0.8,1788.0,4.92,21.4,63.0,16.2,12.68,32.62,228.97
2.7,10899.0,4.66,58.5,73.6,36.0,10.39,21.83,54.27
3.2,44689.0,7.12,84.2,80.8,44.9,13.8,11.94,235.64
1.0,3878.0,5.0,28.0,63.9,19.8,11.19,36.25,129.89
2.4,22574.0,5.41,69.1,81.2,42.8,15.38,16.33,83.4
3.8,7221.0,6.63,34.5,72.4,20.4,12.7,23.8,152.03
0.8,1417.0,5.25,13.1,58.8,17.0,11.7,24.78,48.56
2.1,1728.0,3.61,22.8,63.4,21.9,14.79,15.09,388.75
2.8,4796.0,5.91,29.5,72.6,21.6,12.22,21.09,84.55
3.0,23279.0,5.94,79.3,76.2,41.1,10.53,15.89,107.55
3.3,42085.0,7.53,98.2,82.0,35.2,13.29,6.61,3.33
1.7,6125.0,3.82,16.5,70.1,25.9,13.6,89.67,450.24
0.9,10911.0,5.34,25.4,69.8,28.2,10.25,16.38,139.47
1.1,16783.0,4.28,53.2,75.6,29.3,18.35,38.84,51.34
0.8,13898.0,4.89,37.7,69.0,18.7,14.29,63.95,89.14
4.8,56597.0,6.96,83.5,81.5,35.7,16.15,8.28,68.45
1.8,31701.0,6.93,79.7,82.5,28.9,13.37,20.77,377.03
2.6,33419.0,6.52,61.3,83.0,44.8,13.94,16.49,203.3
2.1,7084.0,6.31,44.4,72.0,28.3,13.34,13.4,258.79
1.5,37465.0,5.79,93.2,84.1,46.3,9.71,11.62,348.41
0.8,11529.0,4.64,56.2,75.2,21.7,14.12,33.18,112.22
4.3,23842.0,6.01,74.6,70.9,28.8,9.97,13.08,6.7
1.0,3169.0,4.66,16.6,62.2,18.1,12.0,28.58,84.15
0.9,71010.0,6.11,85.6,79.7,33.7,13.02,60.84,227.17
3.5,4879.0,5.3,34.5,70.3,23.3,10.69,23.2,31.38
1.3,5859.0,4.86,21.9,67.2,22.3,11.64,25.8,29.86
3.5,22092.0,5.9,79.8,74.8,42.3,11.69,13.45,31.71
1.2,12972.0,5.17,76.1,79.5,28.8,16.18,30.17,611.79
2.7,2767.0,3.51,32.5,52.3,21.2,12.8,28.34,70.62
0.9,829.0,4.13,15.7,60.4,17.5,12.62,17.89,48.86
1.3,8096.0,5.49,17.8,71.8,25.3,14.57,52.13,3.57
3.1,24743.0,6.31,74.4,74.9,42.4,12.37,11.82,46.85
3.7,57006.0,7.24,98.1,82.1,38.3,13.53,10.31,226.59
1.6,1381.0,4.07,4.7,65.0,18.1,12.7,22.9,43.83
1.8,1112.0,3.33,6.3,62.2,15.9,12.15,23.09,184.62
1.1,23053.0,5.34,78.8,75.3,27.7,11.53,15.75,95.96
0.7,1594.0,4.42,14.0,58.7,14.8,10.35,38.48,15.33
2.8,29817.0,6.91,78.1,83.1,39.1,14.23,13.81,1461.62
0.8,3407.0,4.31,24.1,64.8,17.0,10.28,46.67,3.93
1.9,18918.0,5.88,52.2,75.0,34.6,11.45,14.35,637.39
1.9,16133.0,6.55,59.5,74.4,27.1,11.49,20.71,62.51
2.7,6068.0,5.68,71.0,69.9,34.9,12.04,16.36,98.07
4.6,12360.0,5.46,22.3,69.9,26.0,10.63,38.22,1.95
2.6,17741.0,5.65,69.9,76.7,36.8,10.83,20.92,47.08
0.9,8039.0,4.9,58.3,73.3,26.9,15.07,32.94,78.66
1.9,1113.0,4.65,7.0,59.0,16.3,13.11,21.47,35.22
1.3,5284.0,4.41,16.0,65.7,27.6,10.63,36.03,79.51
2.8,9376.0,4.83,31.0,61.7,20.6,10.74,25.55,2.82
1.6,2435.0,4.91,20.7,68.8,21.8,13.38,98.05,194.36
2.7,45600.0,7.46,90.4,81.5,41.3,15.09,12.03,508.6
5.1,34295.0,7.37,86.5,82.1,36.2,17.15,5.99,17.73
3.1,5045.0,5.82,24.6,73.3,22.8,12.56,17.73,53.09
0.7,925.0,5.16,4.3,61.6,14.4,11.44,87.71,16.52
0.8,5360.0,5.25,25.7,52.0,16.7,10.58,71.37,207.15
2.2,12644.0,5.24,72.2,76.0,36.5,10.58,29.59,83.67
2.6,82814.0,7.44,97.3,82.4,38.3,14.79,6.96,14.37
1.9,5223.0,5.47,12.4,65.9,19.4,12.43,58.63,276.99
2.2,21449.0,6.28,54.0,77.7,27.5,11.47,11.47,54.28
3.3,8786.0,5.65,53.4,73.5,24.1,15.02,11.65,15.77
1.8,11776.0,5.68,45.5,75.8,26.9,13.14,25.54,24.32
1.3,7410.0,5.87,39.2,71.4,23.2,11.53,18.23,351.73
4.1,24838.0,6.11,73.3,77.8,39.1,9.64,20.98,125.87
4.0,25346.0,5.92,70.4,81.2,43.2,16.72,8.05,112.8
0.9,156299.0,6.37,95.1,80.4,30.3,12.74,88.22,225.86
2.5,17782.0,6.15,59.5,75.2,40.2,10.4,14.54,86.05
4.2,23635.0,5.51,73.1,72.7,37.7,10.54,16.22,8.86
3.6,1758.0,3.56,20.0,65.7,18.3,12.71,42.84,483.62
0.9,51397.0,6.36,74.9,77.1,28.7,13.04,84.47,15.54
0.8,2403.0,4.77,25.7,67.5,17.2,10.79,38.69,76.62
2.5,13184.0,5.94,67.1,76.3,41.9,10.65,24.78,85.68
0.8,1619.0,4.31,11.8,58.4,17.9,12.17,21.34,103.82
3.1,25364.0,6.24,80.5,77.2,38.6,10.45,17.35,112.96
3.5,26908.0,6.25,75.5,81.2,41.9,10.77,15.91,103.79
2.9,12139.0,4.88,54.0,64.7,25.7,11.6,25.14,46.51
3.4,30110.0,6.51,80.6,83.0,42.0,17.0,9.7,93.03
1.5,11149.0,4.44,15.1,75.3,31.1,10.9,14.03,346.35
3.5,44659.0,7.37,89.7,82.3,39.8,14.06,6.11,24.44
4.2,59662.0,7.51,89.1,83.4,41.3,15.51,10.34,211.89
0.8,3091.0,3.46,31.9,66.0,18.2,15.23,43.7,103.27
2.7,3991.0,5.5,20.5,69.5,20.8,10.5,43.38,62.87
1.8,2660.0,3.45,13.5,65.4,16.4,12.29,28.44,61.42
2.0,15454.0,6.01,47.5,78.0,37.0,11.5,26.26,138.2
0.8,1400.0,4.02,11.3,59.6,18.2,12.13,37.05,140.86
2.4,29178.0,6.19,67.8,74.3,33.2,13.78,24.23,286.42
0.9,11073.0,4.74,49.6,75.8,30.0,15.14,38.45,75.22
0.9,17906.0,5.19,58.3,76.7,29.1,13.8,44.48,105.27
3.1,23813.0,4.62,18.0,68.8,24.6,9.93,21.74,12.49
1.3,1980.0,4.32,6.0,61.6,14.8,14.4,51.94,193.24
3.4,9214.0,4.66,53.0,74.3,39.4,11.48,20.62,77.38
1.3,75876.0,6.6,90.6,79.3,29.8,11.85,40.52,126.64
5.5,37334.0,7.23,94.8,81.1,39.0,13.85,10.5,271.38
5.9,53015.0,6.88,85.5,78.8,36.7,15.2,7.41,35.77
3.1,19468.0,6.37,66.4,77.6,34.2,13.09,9.2,19.51
2.3,10381.0,6.21,46.8,70.8,25.4,10.06,27.81,71.38
2.0,15219.0,5.01,60.0,72.1,26.5,12.95,16.77,34.85
1.8,6062.0,5.3,53.0,73.9,30.1,9.18,30.24,297.12
0.7,2506.0,3.06,24.6,66.1,17.8,15.47,50.13,55.45
1.9,3479.0,4.04,10.3,61.8,16.1,11.89,27.36,22.56
2.2,1534.0,3.62,23.1,60.3,17.2,10.7,21.73,37.36
